{"cameraMode":{"drawMode":0,"name":"Shaded","section":"Shading Mode"},"sceneLighting":true,"audioPlay":false,"sceneViewState":{"showFog":true,"showMaterialUpdate":false,"showSkybox":true,"showFlares":true,"showImageEffects":true,"showParticleSystems":true},"in2DMode":false,"pivot":{"x":18.18067169189453,"y":12.007593154907227,"z":5.457088470458984},"rotation":{"x":0.18869717419147492,"y":0.09850505739450455,"z":-0.01902763918042183,"w":0.9768973588943481},"size":46.20318603515625,"orthographic":false}